text	label
哈哈，宝贝很不错的，无色差，质量特别好，价格便宜，发货快，满意	1
不错，售后服务非常给力，一直相信京东	1
刚买一星期就降价200元，价格保护还不支持，太无语了。	0
房间墙壁裂开了，洗澡水流特别小，充电的口特别少，床铺不干净，前台接电话的态度不好，万不得已，不建议住这种酒店。	0
有蒙牛无幸福	1
才买了一个月就开始卡机了，按个返回键，半天没反应，这手机太垃圾了，以后都不买这种牌子的手机了	0
买了不到一个月，降价100元。。。百分之12.5的降价。。。差评	0
穿起来别扭！一看才知道根本就不对其！看边线！斜的！有图有真相！	0
完全不是我想要的书！！！内容一点都不实用。	0
裤子收到了，就是物流有点慢可能受雾霾的影响，样子跟图片个相符，尺码正常，就是不太适合腿粗的人穿	1
裤子很好，男盆友穿起来很好看，有型，也舒服，卖家态度也很好，下次还买，想买的盆友快入手把～    评价图片	1
服务不错，性价比还可以。 娱乐项目较多！房间不大。	1
太紧了，线缝不行	0
第二天续住，感觉没有第一天的服务好，希望服务跟上吧。	0
事物比照片丑多了，家里有台灰色的，本来以为一样，结果收到是黑色的	0
包装太垃圾了	0
这活动搞得也太多了吧，前两天下单说是618活动，今天618还没到又再次降价，什么意思，难道我上次看到的是假的618活动。1分给平板，用着不错。	0
苹果很漂亮，包装很结实，京东生鲜靠谱。	1
质量很好，面料很好，穿上很舒服，大小合适	1
买的时候说秒杀，没收到就降价，还说秒杀不保价，真是醉了	0
买的第二个了，涨价就不说了，声音超小，连接无线网络信号差，第一个很好用。	0
1.机身厚度稍大，屏幕稍小； 2. 屏幕在亮度和鲜艳程度上表现稍逊色 3 拍摄的照片显示效果差强人意，有明显的颗粒感； 4. 不支持Java、红外和蓝牙；	0
包装几好，每只都无烂，仲要好甜，呢个价有12只，超值	1
之前买过一次挺好的，但这次这个特别不好，用完之后头发的手感不是柔顺的而是感觉硬的，不知道是怎么回事呢？特别不好，特别不好。	0
包装比较简单，不过产品还是挺好用，以前用的x1，用了两年，现在换x2	1
买了，不好，太差劲啦哈哈哈哈哈哈哈哈哈哈，谁买谁后悔	0
好甜哦，大小都差不多，买给宝宝吃的	1
住的标间，比较干净，餐厅的菜价格和味道都还可以，也比较新鲜。总的来说，性价比高。	1
一直以来都不会头痒 洗了这个洗发水会痒 而且会有头屑 我怀疑是不是假的	0
苹果个头一般，味道还不错。配送员态度很好，收到后发现有两个坏了，申请售后京东处理的非常快。	1
适合年龄20岁以下的女人阅读，大了就不用看了	0
差评(*｀Ω*)v	0
送给客户的礼品，还是多喜欢的，呵呵呵！	0
"塑料壳子易坏(本人的已坏:)电池待机时间从没有超过1天在购买半年后待机时间别想超过半天没有红外就算了数据传输到现在实验过3太电脑就没有一次成功的总说""确认连接""哎放弃ING~"	0
非常不错的裤子，颜色我很喜欢，没有色差，大小也很合适！下次还会光顾！	1
用了一直起头皮，真的醉了	0
酒店价格是4星标准，酒店装修，设备1星标准！甚至还比不上便捷酒店。性价比低，不建议选择！	0
1）商品还没收到，价格就已经降了70元。2）似乎打开windows媒体播放器的时间有点长	0
1.手写输入还行,用着还行.基本上还是一部不错的手机.其它不说了	1
不错不错，挺好的苹果，酸酸甜甜的，价廉物美，值得推荐，不错不错，有活动还来得哦！	1
挺新鲜的，包装也很好，防震，果子就比较小个一点	1
最不开心的一次购物，还华为京东旗舰店，去店铺里都看到了什么？食杂店，什么破玩意，都没给我发票，退货讹我*，气人，什么鬼。	0
塑料的感觉明显。 但是从性价比来考虑，已经算是不错的选择了。	0
购买不满意，苹果较酸，不理想，有些吹牛。	0
没用两天就坏了，换了一部没几天又是坏。很糟心的一样购买！！！	0
跟以前买的完全不一样，跟图片也不一样，这么薄奶头都看得很明显	0
这裤子比想象中的好的不能再好了。，比实体店的，都还要，完美，价格也非常的实惠。非常值得购买，赞赞赞。	1
平板电脑很满意，清晰大方，音质好，总体来说挺好的，唯一不足的地方就是没有赠送贴膜，还得我们这业余的来，不过价钱已经可以了！	1
三个，其中有一个是烂的，直接都不想吃了	0
年份应该长了，面积较小，早餐一般，服务没啥。一般般，性价比不高。只是为了到贵阳北站高铁五公里多点，否则不会选择。	0
看着不错，个头不大，有果香，还没吃，京东挺好	1
分辨率太低，有些卡	0
明显有色差，感觉亏死。这面料也能上百?	0
手感很差，不亲肤。	0
裤子很合身，弹性不错，刚洗了也不怎么会掉色，挺不错的	1
分辨率不高，同一张照片。完全看不清楚。	0
京东送货确实挺快的，订了的第二天就送到了。电脑配置和价钱都不错，订的时候感觉很好。运行也很快。	1
够用一年了，小瓶更精致，，，，，	1
钱汇过去半个月，至今不见该书到，不见任何回复，在当当网购书有上当受骗的感觉。	0
假货，味道太难闻了，有个止咳糖浆的味道！！！	0
差太多。尺码也缩水，差，差。	0
同志们，当心当当网的送货人，一群骗子,当当网的客服也是一群骗子	0
退房时，总台有个女的态度很生硬，就像你欠她八百吊钱似的，国企做派。	0
和沐浴露一起买的，沐浴露漏了，找客服好几天没回应，我只好给个差评	0
真的就算后悔了。两天才拿到货。还不如水果店买！还都发霉不新鲜了！以后不买了	0
还行吧行吧行吧行吧。下面的五星是给快递大哥的	0
东西收到了，试穿了一下，虽然拍大了一个码，但穿起来也不是很大，摸了一下质量还不错	1
不喜欢 不甜 比外面的要贵 非常不满意	0
物流依然满分，但这东西好像是别人用过的，电源线都是敞口放的，而且屏幕上有痕迹，擦了好半天才清理干净。	0
花花公子品牌，就是不一样。穿着得体舒适，希望京东和花花公子多做一些这样的好产品。	1
在当当上买了这么多次，这本书拿到手以后却质量很差,像是盗版书,很不满意	0
做工精细 界面干净雅致 性能不亚于一些大品牌  包装周到 打开第一眼就非常喜欢 用了两天 丝毫没有陌生感	1
平板买回来用到第三天就出现花屏现象，往后再用每天都会有有花屏现象？	0
送货很快，活动力度很好，都是买200-100的，京东的活动非常满意，快递小哥态度也很好，每次都直接送货上门，节省很多时间，比超市里面便宜了太多，嗯，每次都喜欢在京东上购买东西，好	1
这是外面坏的，里面碰坏的拍了看不出来，发货的时候能走点心波？	0
差评 ！！ 刷单 刷单刷单 ！呵呵	0
当时由于原先预定的标准间没有房间，酒店人员免费将2个房间全部升级到行政间，前台服务人员态度非常好，对了我强烈推荐大家去顶楼的旋转自助餐厅，那里的环境很灵的。	1
一次不愉快的网购，	0
非常差的古老的所谓星级酒店，物非所值－－洗手间还是古老的不大清洁的浴缸，又没有手提花砂，洗澡时总是水浸脚的－－浴缸不溜水的。	0
目前挺好的，不知道用用如何，用了几天在评论。	1
如果要从京东买鲜果，请慎重考虑，就跟赌博一样，50%的几率让你很失望、很失望、很失望，重要的事情说3遍！	0
好评	1
宝贝真的很好，京东商城保真还快，包装完好，很满意	1
不甜不甜不甜，不满意不满意，太差了	0
今天把手机套摘下来突然发现左下角都没有接紧用手按有明显的松动，无语了已经，第一个小米nite顶配版退货，这个拿到用起来不错就没仔细看，没想到也是有问题的，京东你叫我说你什么好	0
苹果是好看，但是一点都不甜，而且里面是空的那种，不是水果，让我很失望?	0
裤子很舒服，很修身，但是开线很严重，明天就出长差也没有时间换了	0
物流很快，裤子 颜色很正，穿着也很舒服，朋友都说太值了，好的没得说。	1
收到裤子了。。。顺丰的速递的速度还是可以的。。。不满意的是的裤子脱色	0
不想说太多，唉	0
简直差评，拍的时候有货，结果拍了之后隔了好几天才发货	0
电池在使用初期待机时间还不错，但在使用两三个月之后待机时间就大大缩短，手机自身的反映速度也减慢！	0
酒店还算干净，送早餐，就是酒店名字容易让人误解，周围没有湖，感觉还可以。	1
不太好，感觉不值，个头小，口感一般，比不上在菜市场买的5.5元的。我不会再买了。	0
非常漂亮，超值之选，intel的固态硬盘果然不是盖的，实测非常满意！	1
不好吃，不新鲜，不脆，跟狗一样	0
翻盖折叠不灵活不能插耳塞	0
不好玩感觉买它是种浪费如果没有认真看它,把它当小说一样看的热情还是不要买了不值得	0
整体感觉还不错，客服态度很好，这款很满意，价格也实在，满分	1
买了三个华为手机，这次最差，以前的电池能用两三天，这次的居然一天都用不到，怀疑是别人退货的。差评	0
给个五星吧，很多游戏手机都带不起比如说球球大作战卡的要死，其他方面都还好，用电也很慢，可以的。	1
很差，非常差，果子非常小，很生，总重也没4斤，味道酸	0
这是买的第二本，都是送给好朋友的~~~~	1
我拍的是宝蓝色的薄款。而你发的是黑色厚款。这叫我大热天的且不要热死的节奏。而且办事效率太低下的很。我本想退货的，想一想还是算了。给你个差评，你们不会怪我吧。	0
规格达不到直经只有6.5公分，一半达不到。	0
个头均匀，包装很结实，比外面小点买的档次高	1
下午四点多下的单，隔壁省第二天中午就收件了！还不到24小时。赞一个！	1
总体来说还是不错的，就是酒店大堂设在商场里面给人感觉并不是很好，其他条件都尚可	1
垃圾垃圾，小的可怕，和小女人拳头大小，别上当了	0
没有中文字幕，而且也没有中英双语。更气愤的是，有3张是米老鼠！！	0
这次去泉州有三个国外客人一起同行,还是入住了泉酒. 大堂有水仙花装饰,有一股清香.环境很好.以390元的价格入住,超值. 客人称赞酒店很不错,我想这是每个入住客人的同感.	1
能打电话 能盖半个脸 音质超乎想象	1
酒店外部环境很不错，感觉很静谧，房间内部装修尚可，但房间隔音不好，屋内面积有些拥挤。	1
这个机器拖影比较严重 不值得够买 还是帮朋友买的 他不怎么介意 就不退了。	0
电池后该处有一处卡扣没有卡进去，被我使劲按进去了。 本本扣盖后，扣得不是非常齐，从侧面看右边悬空，不知是上板不平，还是下板。	0
第一次在网上买水果，感觉好！送货快！包装好！品质不错！	1
包装不好，和买的沐浴露一起外漏了，不知道是不是使用过的发给我来	0
已经习惯在京东买买买了，东西有保证，快递放心！	1
回国不喝奶 我就不明白为啥还有人买蒙牛=_= 还在卖蒙牛的人 只能说是自己找死了	0
我其实挺佩服蒙牛的，至少他们说了实话，就是那句“供给香港的商品是没有问题的”	1
比较差的购物体验。上一次买的6X用的很流畅。这一次买的畅享6界面略模糊，上下滑动会重影。看一会眼睛很不舒服。也不知是运气比较差还是这一款都这样？后台有没有的给解释一下	0
快递刚过来试了下 合身，今天洗了下，M码变L码了，什么质量？黑心棉吗这是	0
快递刚刚送到家，商品就降价了，我是被骗了吗？	0
有的房间在地下是，酒店位置不好找。在小弄唐里。	0
布料舒适，收到货之后就迫不及待打开看看，裤子不会有刺刺的感觉，很顺滑，哈哈，喜欢这种布料～斜纹的，也挺潮的～大方得体，适合工作时穿～不错不错???	1
不想说什么了，想买的自己看图片吧！一颗星我都闲给多了，没一个好看的，比超市特价苹果还丑！还是烂的多！还红富士！估计是没人要的次品，	0
1.指纹收集器。2.触摸板反应速度略低于单点触摸的机型。3.键盘手感需要时间适应。	0
好用 ，自己准备角阀和淋浴龙头，师傅来安装就收了40元，两根波纹管	0
没有MP3播放器，也没有来电防火墙，连普通的功能也不具备，特别是待机时间短，短的令人害怕！	0
.穿上很舒服..样式好看..颜色不错做工精致	1
不太如意！差别太大了！	0
6.18活动购买，活动大大的！现在家居用品基本京东啦	1
很不给力....真的。。。	0
每个都有局部烂掉的，,真的是每个烂一片。	0
特别好，质量不错，画质清晰，高大上。	1
买来后2个月就坏了拿去修，修好后待机时间超短，现在又添了毛病，自动关机，质量太差了，给中国手机丢人	0
买了无数次京东自营，回回次日到，这次三天后到货烂了七个！	0
驱动程序不完备，尤其是硬盘的AHCI无法打开，后来用IBM的驱动解决的问题。 声卡需要装两次驱动在能完成安装，第二次需要对应显卡（HDMI）再装一次驱动程序。	0
很差 尤其服务	0
前面买，后面跌价，不快活，想骂人……贴膜都不送个！	0
不好，苹果太小了，快递速度慢四天才到货	0
除了那宽得不要不要的黑边，基本挺完美，618花988买的，性价比比现在的M3高，还有就是华为的原装保护套只有半边！	1
苹果中等大小可以选择的。我买的是中等大小的‘吃过那么顿苹果，就数这个最好吃了	1
又甜又脆！80多岁老太太最爱吃的苹果，买过多少箱都记不清了。每天一苹果医生远离我！老太太每天都吃确实身体不错，天天外出散步精神状态很棒！80多岁都懂得买生鲜上京东买的好吃?！	1
房间破旧，电视无法正常观看，卫生间连厕纸都不给准备，还要自备。空调没有遥控器，就是个摆设，晚上要穿衣服睡觉。服务质量很差！	0
房间总体环境不错，而且还有提供免费上网，现在入住价格还可以，不过现在可是大连的旅游淡季了．但是有一点：就是早餐不但没含房费里，而且３２元的价格也不低，但是内容实在是很简单．	1
宝贝收到了，尺码很正啊，我很喜欢，穿上很舒服，也很漂亮，性价比也很高，整体的感觉不错，很喜欢，赞一个	1
刚收到快递的那天晚上就用它洗了头，感觉不错	1
真好吃，个儿也大，很划算，送货速度快，第二次买了。	1
裤子穿的挺合身 穿出去很有档次 下次再来买	1
价格大众化，YY质量很好呀，款式、面料我都挺满意的．如果有需要我还会继续光顾你的店铺！	1
就是update补丁后不能设置密码，害我差点重做系统 声音有点差 有点贵 有点沉	0
平板收到，但只是正常包装，一点没加保护包装，心真够大的，这小东西这大冷天就这么运？！发票也没放里！！！	0
这个平板真不值，有失华为水准。	0
很一般很一般很一般	0
一般般，隔音效果不好	0
很不错，赠品多，划算，还没用，用了再追评，还是很满意。	1
酒店服务态度还不错，就是感觉地点比较偏，周围没有什么吃饭的地方。早餐感觉也没有以前好了。	0
实物有点夸大，不如以前买的750亳升的大，明显缩小了，不过赠送个小的，感觉不如上次买的好，有种上当的感觉，哎还是相信京东吧。	1
酒店太旧,不象4星,房间隔音太差,隔壁打了一晚麻将,太吵了	0
酒店的怪味根本无法忍受，设施也不方便，全然不是如家的风格，住了一晚就迫不及待地逃跑了，若不是酒店不肯退当天的钱，我连这一晚也决不会呆。	0
一直没时间评，不错，运行快，分辨率高，电池耐用，挺满意，好评。	1
速度快 还不错 包装也还可以 就是不知道 里面为什么漏了 不过售后还不错	1
送货方有一点 小问题，送货前只给我打过一次电话我没接到！竟然当天就不给我送货了~！！要不就能前5个做评价了。后来也不着急评价了	0
水份多，味道甜，没有坏果，物流速度快；活动太给力了。	1
就是本本上许多预留的接口让人看了太心酸了。 低配的本本，也不至于留下那么多伤口吧。	0
差评！说16个G!结果才8个G!我去问客服讲是正常的!请给我一个合理的解释	0
不错，昨天拍的，今天到了，价格实惠，孩子们又喜欢，不用常常跑超市了，点赞有京豆，必须的。	1
房价不稳定，订价不合理。	0
配套的驱动光盘，质量太差，我的移动光驱认不出，到台机的光驱上读的也很吃力。盘片的质量不让人满意，还好，有网络可以去下载。不过华硕的支持网站，老是显示错误，真晕。	0
好甜好碎呢，这是一次愉快的购物	1
大床房的面积实在太小了！除了床和写字台就没有空间了，没有衣柜，床头柜也只有一个！和如家一样，但价格要贵100元，实在不值得！以后不会再住了！	0
声音太小了，老是听不见啊。还有就是待机时间相当的短，大呼上当	0
很偏远，外面修路，很脏乱，房间还行，服务一般	0
房间很大，早餐齐全，但房间卫生欠佳	0
都不错，就是不错，有十个字了吧！！看图	1
看电影真的很不清晰，无语。一颗星给快递哥。	0
大黄屏客服还说啥最合理屏幕显示 第一次买华为 真是够了	0
１．待机时间没的调２．拍照还可以３．外行设计非常酷	1
包装很结实！苹果很新鲜！味道也不错！好吃	1
入住酒店办理手续时让我们等了很久,因为没有房卡;而且我们的预定信息在酒店前台的电脑中查不到.客房内应有水果,酒店服务员半夜11点才送到,而且不敲门就进入客房,感觉不太好.	1
买了之后我就后悔了！垃圾	0
三个九买的，性价比超高！	1
不像其他商店的裤子那样质量差，这条裤子质量很好。着起来显得瘦点。十分舒服，我女朋友十分喜欢。下次再来这家店买。物流也十分快	1
霸王的京东！！！无耻的京东！！！	0
七七八八送了不少小品装，价格实惠，用了头发的确顺了许多，比海飞丝好	1
什么玩意。刚用一天，就充不上电，开不开机，返厂老麻烦，	0
裤子收到了。穿起来很舒适。物流也很给力、期待下次购物。	1
给大叔买的，不是我用，不过觉得他挺开心的	1
指纹解锁很灵敏，不玩游戏，办公用，非常流畅。	1
纸质差，总体只比盗版书好一点儿。	0
第二次买了，苹果很好吃，脆甜，个头正好适合一人吃	1
刚买的99 还不到2天就降价到88了，什么玩意，还是特价秒杀的，真够坑的，以后再也不在京东上买了，真尼 玛的坑。	0
牛仔裤颜色挺好看的 喜欢 版型也不错啦 码正好 这次购物很满意 以后有需要再来你家	1
宝贝己经收到，质量杠杠的，去年己经买过，这次复购2条，是绝对正品，下次购买还会选择这家！	1
有味道质量不怎么样吧	0
衣服收到了，质量不错，穿起来非常合适	1
小巧，轻便。。。感谢京东这2次发货时间很快，当天就发了。。难得啊，以前都要弄个好长时间~	1
面料不错，大小合适，颜色不错，质量不错，穿的暖和	1
ＬＥＤ屏还真是不错，还没去自提就降了１００真是不错又省了一点呵呵，提货回家一看又降了３３有点郁闷，太不保值了．可能是为了打压对手呵呵无货了嘛！	1
第二天就送货到家了，一共有9个苹果，口感很好，下次还会购买。	1
她是不可多得的成功的传媒人士为什么一定要写15字？对这本书来讲，没什么可写的哇？？	0
到货体验洗头了，洗后头发柔顺，味道不错淡淡的很好闻，洗发水还是老牌子好，质量很好有保证，京东商城正品保证，价格合适，物流超快!购物我只认京东	1
好像尺码有点问题，而且基本确定是假货	0
说是70-75，全是70左右，有的可能不到70，个头儿都不大，一共12个，感觉真的不怎么好看，不过很脆，有两个有挤压的痕迹，估计路上撞到了，总体还行，可以吃	1
送的速度实在有点慢，而且来拆开裤子的扣子就掉了，失望懒得换就这样吧	0
马马乎乎!能住.标准不要太高.在小街上,出门没法打车.还行! 住吧!	1
在故事中穿插着知识，而且很有趣味性，让孩子在听故事的同时，能学到不少知识，很好的一套书。	0
硬跟我说两个裤脚是一样的	0
我去年也住过北京昆仑大饭店，对比去年前台服务不好了。虽然我们一共有六个人，但是入住手续需要半个小时的话还算很慢，简直不像话的。目前上述服务来看，我认为不值得住。	0
触摸键太敏感.不好用.	0
买了两天，出现卡顿现象	0
刚刚收到，很开心，价格便宜，没用过，等用完再来评价	1
因为是用完才回来评价的，结果就用了一回，从来没有头皮屑用了后就满头发的头皮屑，立刻停止！太差劲了！	0
价格便宜，套装更划算，直接送货上门，方便快捷。	1
这次买的瓶子都脏兮兮的，不如可悠然好用	0
比在实体超市里买的差太多，香味很淡，这个不重要，重要的是用了以后根本就和没用过一样。京东最失败的一次购物，果然是一分钱 一分货	0
很明显没有在线下买的的质量好，洗过一次后就像穿过很久的衣服，这次的购物对质量很不满意。衣服的尺码还偏大比我买的XL还要大，L码最少是180的尺码。	0
房间干净整齐,服务员态度很好,不过餐厅一般.给我的早餐券上的套餐与餐厅的套餐不符	1
收到货有一瓶漏了，应该是封口的时候没封号，还不错，	1
垃圾 音质不好 分辨率低低低............	0
产品和描述的严重不符，明明很厚要说夏季薄款	0
裤子很好，面料很不错，尺码标准刚合身，物流很快	1
火车晚点,临时改主意去住店,也没有刻意去选择.不过衢州饭店还不错,就是凌晨checkin,前台也要算前一天,收全天房费,说携程预订就是这样,睡了几个小时赶火车,还花了一天的钱.	1
礼盒装哟。高大上哟。一直信赖的京东。。。。。一直信赖的京东自营。。。。。京东的快递小哥辛苦了。。。。。	1
不好吃 苹果小 感觉没长大 苹果芯硬 差	0
裤子很暖和，质量不错，物流很快	1
和网上的不一样，面料不好	0
刚打开，吓了一跳，比鸡蛋大一点，穿着两件外套平铺一层居然还能放进四个苹果的空间，这样的苹果和商家太坑人了……	0
质量一般，但是穿着舒服、透气。关键是客服一副爱理不理的样子，	1
一直用的这个牌子的洗发水，特地等到搞活动买的，很划算	1
从小到大都穿班尼路，面质舒服，大小刚好，再买2件	1
太可怕了蒙牛真他妈垃圾，怎末还不去死	0
非常不好,房间的装修太旧,就像90年代的感觉.入住的168的所谓豪华标准间,只能说普通标准间罢了,老公睡觉起来?	0
性能均衡，集显效果还不错，散热也还行。THINKPAD的小红帽，硬盘保护都可以?	1
分辨率太差 包装也不到位 配货速度倒是杠杠的	0
做工很好，货真价实，质量不错满意！	1
难得在京东上买一次生鲜，太失望了。火龙果一点不新鲜，一股霉味，以后再也不会买了	0
脆脆香甜的苹果，妈妈说很不错。	1
通话质量还可以。铃声一般，不是很大也不很小；外观还看得过去，价位也不高，新奇的功能一个没有，基本功能较齐全，能满足日常使用的需求。	1
<荐书>  推荐所有喜欢<红楼>的红迷们一定要收藏这本书,要知道当年我听说这本书的时候花很长时间去图书馆找和借都没能如愿,所以这次一看到当当有,马上买了,红迷们也要记得备货哦!	1
唯一的遗憾就是包裹被雨淋湿了，幸亏是洗发水，要是衣物那就不好讲了。算了，快递大哥送货赶上大雨也挺辛苦啦，就给你五星好评吧	1
就是大号手机，所有安卓软件都能装，反应挺快，不错，让孩子做作业足够，孩子喜欢	1
裤子质量很好哦 这个价位买得到简直赚了 给爸爸买的挺喜欢的说让我再买一条呢 很有型 快递也很快 以后会继续光顾你们家的 呼呼～	1
风靡了40年，至少也是1968年的图画书了吧，1968年的故事，似乎没有勾起我闺女的任何兴趣。对我也没有吸引力。希望孩子再一点会感兴趣。	0
不转不行啊 南航最可恶的就是机餐上供应的是蒙牛酸奶@_C93	0
去中关村总部提货没有，又去的亚运村，亚运村的服务人员态度不好！！！我是新手不会装系统！让帮忙装一下，说不管，郁闷了半天 ，最后让我同事帮我搞好的！！应该加强人员的培训！！！	0
速度快，效率高，服务态度也好，就是漏了，这次居然没有带买的减震的小袋子，好评吧，毕竟618还能第二天到还是不容易的。	1
漏液。包装不好。差评。	0
买了好多好多 购一家人使用很久啦	1
5USB接口，再加上esata接口，在接口方面已经非常齐全了，同时性能配置也不低	1
这款机子，太拉烂，后悔无话可说．	0
男士养生，罗湖区文锦中路京基东方华都一楼（螺岭公交站台旁），到前台就说跟$凌薇$预约。电话13265687172	1
垃圾，洗的头很痒，大家不要上当，	0
服务太差了,堂堂的五星酒店房间里竟连一双拖鞋也没有,连一般的小旅馆也不如,调来调去调了一个垃圾酒店,让人太失望了.	0
设计不合理，肩刚好合适，长度就太长了，能有xl的长度了。	1
店家发货很快，裤子样式看上去很不错，穿上感觉很修身，下次还会来这里买	1
非常好！活动时买的，物美价廉，非常实惠！品牌的东西，值得信赖！	1
又小又酸，不如之前的，打算砸招牌吗	0
物流太慢了，必须给差评	0
不喝蒙牛	0
前两次都是入住的精致套房，这次选的是丽家套房B，两种房间价格差不多但差距也太大了，以后要是再去南京一定要选丽家套房B，房间设施方面都比精致套房好几倍。	1
本本外壳的模具有些粗糙，usb口感觉粗糙，接口的金属都看到了。不爽。	0
1.运行速度挺快。2.手感十分舒适。3.待机时间比较理想。4.机身存储量容量大。	1
包装的很好，质量不错，大小正好，穿着很舒适，和介绍的一样	1
差评！买回来穿了第二次破了个口子、联系客服也不理，还问我怎么整破的，我拿剪子剪的？还在京东呢真是恶心到我了！追加我会附上照片！	0
我真是对客服无语了。裤子的尺码选小了是我的错，可是我用顺丰给你邮寄回去为什么一直不签收？留的电话也是个死机号，客服也一直没有人说话，给京东官方反映了也没有个说法。真是没话说了	0
跟你交易次次都这么成功和开心的..希望我们以后有更多的交易吧...哈哈	1
一次性买这么多，应该贵用很久，海飞丝用完了就用这个……烫发后的好选择……	1
相当好的酒店，很意外在山西能有这种水准的4星酒店，基本完美，没想出有什么不好的地方，住了2天，很满意！	1
单位搞活动时候买的，非常满意	1
裤子刚到手 质量很不错 面料舒适 尺码合身	1
什么垃圾手机，不到半年就听不到来电话音，修了三次还是一样，勉强用了刚一年，主板就坏得没有办法修了，这种手机也好意思拿来作广告。	0
地址位置可以，但是房间没有窗户，还是有点难受的；刚进去气味有点次不消，太闷了！ 介意的旅客就不必考虑了	0
容我坦白说，这本书真的令人失望。看不到一半就没再看了，书中的内容乏味。	0
内存小了，想退货不知道了可给退	0
都快坏了也拿出来卖，还不好吃，以后再也不在这上面买了	0
环境不错，对着马路的房间窗外风景好，其他方向的房间看出去是居民房。房间干净，设施也都完好。	1
酒店还可以，就是性价比不高，要是便宜点就好了。	1
宝贝收到了，感觉非常的好！	1
又酸又苦涩我也是服了，还烟台红富士，亏我还是会员 你们现在真行	0
苹果是味道不错，但是过于松软，还是脆口感的好吃。	1
屏幕很大，给老人用的，非常棒	1
苹果因为送货拖延，结果成了冻苹果了！给快递打电话送货态度也不好！	0
呀，感觉有点短。。穿起来还是蛮舒服的	1
对京东不满，产品降价了不能保价的，以后看好了再买，对我来说，慎重购买，别给自己找不痛快	0
发货快，包装好，果子香，非常满意，还会再买。	1
刚刚吃了一个，只能够用三个字形容：不好吃！而且水果的个头很小，失望至极，希望能够给其他的买家意见	0
第N次购买了，一如既往的好。这次比较新鲜，5天前才出的，棒！	1
性能很不错。显示跟运行速度给力。支持国产芯！！！就是背后的弧形有点失望	1
假货！京东无良商家！还自营店买的！假的也就算了！洗了头超痒还有头皮屑！我好好的发质就这样没了	0
耳机、USB在右手下方位置，影响操作鼠标；12寸宽屏字体相对小一些；没有光驱。	0
用了很舒服，之前一直用潘婷，	1
不好，建议慎用。用了一个月了，有头皮，掉发。现象	0
还可以的，活动价格比超市要便宜，不错吧…	1
太难用了。。。。。，，	0
可以。。。。。。。。。。。。。	1
外观看上去还不错，不过有人不太喜欢镜面的，我个人比较喜欢，总之还算满意。	1
喜欢睡前的蒙牛。	1
面料太差了，两个加还小。做工太差了。真的郁闷的一次购物。	0
看到说有四件赠品，收到的只是一部裸机，膜都没贴一张，跟客服联系推来推去，居然说赠品全部赠完了，打京东客服四次都没打通，对京东好失望。	0
上周五就把支票给京东了，现在是周四上午了，还没拿到东西。目前赠送又增加了鼠标和杀毒软件，估计时没我的了。	1
快递真不行，服务态度又不好，非常恶劣！	0
感觉不是正品，用了头发越来越毛躁了	0
好吃，汁多、脆、香甜，值得推荐	1
一直买这个，自己买了十件了，很脆很甜	1
一直用沙宣的洗发水，京东产品值得信赖，正品保证。	1
环境一般，设施较旧，豪华标准间看不出哪豪华来，浴室特滑，差点扭伤脚，以后不再住这了	0
1.外形轻薄精致。2.屏幕显示优秀。3.外接功能丰富。	1
这是在京东买的第二台宏基的电脑，相比第一台4930的在功能上有差别，送给朋友的，整体还可以，14.0的屏比自己的稍小，女孩用很好看的	1
快递很不给力，超级不给力，京东怎么用这种人啊，态度一点都不好	0
这次买的单牛仔裤和冬季加厚的。一直觉得花花公子不错，穿的腰档舒服。我比较胖，穿38的，但花花单裤只需36就好！！	1
东西好不好还不知道，一号买的，二号就降价*看来以后还是少参与这种活动的好。不知道过几天会不会再降价。物流还是很给力的。	0
效果很不好！洗了当时挺顺的，第二天头好痒，还好多头屑，以前一直用的这款，从来没这问题，好几个室友洗了都有这问题，所以我怀疑这是不是正品呀！！！！！	0
很好用，比较香。包装的很好。很结实。物流很快啊。开心	1
对于商品，我真的感觉超赞的啊，质量好也有型，穿上整个人的身材都好了。店家服务态度也不错就算了，而且，快递也好快的哦。。。	1
还不错，比较实惠。赠品也是棒棒哒！点个赞！	1
给老爸买的，他用来看视频非常不错，字大清晰，视频感觉不错，值得拥有	1
很好的平板，非常好用，满意，使用顺畅。没有耳机。	1
一直买，希望一如既往，送货快，服务到位	1
商品没有收到，怎么让别人而且不知道是谁拿走了，我没有听到过电话，别人拿东西走，你们干嘛不查一下手机号了，签名一看又不是我，我不是很冤枉啊，到底谁承担责任了？	0
快递太慢了，衣服也不怎么地	0
一直有用的牌子，不错，京东购物，送货快！！！	1
性价比特高,值得推荐.有机会到深圳我还会订该酒店	1
还不错, 房间很大,装修家居都很好,唯一不足没订到海景房间,好像很抢手的说	1
不怎么样，不是很好	0
第一次住的酒店房间在一楼 隔离比较差 蚊子也很多	0
对于潘石屹，我只想说，你还是好好炒房吗，种好苹果你是骗人的，别人我说一分价钱一分货，我看中你的招牌，你是自砸招牌，傻缺	0
第一次尝试京东自营！神速！了解一下就知道京东的发展速度！	1
不错(*?╰╯`?)?这个价位啥都别说了→_→给力	1
送礼自用都不错。送礼自用都不错。送礼自用都不错。重要的说三遍。	1
屏幕分辨率底，貌似不是LED屏而是LCD的，摄像头好像也没有130W有点像国产机30W的	0
一直都用这个牌子的，这次在京东买的和以前在店里买的不一样，用了之后明显的假货，真垃圾	0
明明标注16g内存，发现只有10g！别告诉我系统占6个g！	0
非常满意！一直用潘婷。价格实惠，物超所值，而且包装很好很漂亮。	1
别买就一地摊货	0
比朋友的ideapad S10大了一圈，不过考虑键盘比较大而且电池时间长，可以接受，不过自带的Linux实在太难用了，进bios都不方便，全部格掉重装XP费了不少功夫。	0
纯正的烟台富士苹果，苹果脆甜多汁，每个苹果都套了两个套，没有磕碰，唯一的缺点就是个不大。	1
老爸的这个开机直接蓝屏，再开机才正常，有点方。	0
店家不给力，刚买的回家开机是好的，第二天再就开不了机了！返修，居然无法修，说修的成本比买的成本还贵！太tm垃圾！直接差评！	0
酒店设施、环境很差，很不舒适，非常不满意！	0
可存三百多个单词，方便英语的口语学习！电话薄可以添加许多联系人的信息，这等于加了一些内容呀！	1
今天刚收到，嗯，质量还可以，物流的速度很快，很快，正在使用，用好了再评价，非常好！	1
老公试过了，正合适，以前根本不敢在网上买这些大件衣物，只是抱着试试的态度，没想到还不错，以后也可以放心购买啦，以后给老公买什么先考虑你们家。	1
为何越洗越痒，第一次用你们公司的，有些失望	0
苹果现在只在京东买！！确实好吃又方便！！	1
好好好 虽然618没秒到特价的 还是买了 一直想试试这个樱花的	1
买了好多回，挺好吃，脆脆的，甜甜的，信赖京东，每次当天上午下单，下午收到货，物流太赞了！	1
去年11月去北京，前门店没房间了，订了菜市口，很不错，干净，服务态度很好，有问必答，餐厅总体来说还可以，楼下的涮肉很不错。	1
不好，和图片不一样，像工作服一般，太差了。	0
外观出众，键盘在上网本里算是很贴心的很舒服的。另外，京东的送货速度真是没的说。第二天到货。很是到位啊	1
一直用清扬洗发水，可惜这次没赶上赠吹风机。	1
沙宣洗发水不错，味道好闻洗头发也顺滑好梳理。嗯！满意	1
买回来的苹果全部磕坏了， 放了一天全烂了。肯定是物流暴力引起的 到的时候箱子都烂了里面的苹果?可想而知。只有速度没有质量的京东 白搭。大家谨慎购买。	0
洗发水已收到，很好洗，已经用了很久才来评价的，只是专门用这个洗发水洗头的话，头发很干燥，洗出头来头发硬硬的，我还是拿以前洗的海飞丝轮换着洗头，那样效果好一些	1
很差，待机时间短，玩不了游戏。	0
打开包装有股清香味，吃起来很甜，确实不错！	1
续航太垃圾了，比我用了两年的iapd4差太远了。	0
用起来很不错 手感也很好	1
今天刚入手的128G的，修长的体型，挺喜欢的，使用了，不卡顿	1
服务一般，房价相对太高，房间不满意，有味还比较脏.......最要命的是服务员没有经过训练，一点没有服务意识，态度恶劣！！！！！！！！	0
设施陈旧，网络慢，水量小，还是贵宾房，普通房就不知道了。机场班车到t2不是十分钟，是二十分钟！！！！	0
做工较精细，铃声效果非常好，屏幕显示效果好，多媒体功能强大，支持MiniSD卡扩展存储，可以对通话进行录音	1
前台接待服务态度极差，非常嚣张，我说找你们经理投诉，居然那人回答，我就是经理，你投诉好了，还给我拍名字，及其嚣张（原来是经理），这也能叫五星级酒店？太太太差了，大跌眼镜，无语	0
裤子不错样子很喜欢。下次需要还会再来购买……	1
裤子很好，朋友更喜欢，料子很不错，价钱很划算，下次还会来买的，店家服务态度也特别好。	1
地理位置不错，离天宁寺很近，就是门面小车库小，停车不方便，服务不错，房间干净，游泳池适合小孩，早餐也不错，作为四星性价比还是高的	1
漂亮和稳定是这款本本的最大优点.系统很好装的，手边找个GHOST的XP盘一次性装完，官网驱动很全，全部下载后上掉，一点问题没有	1
本本外观大气时尚,性价比非常高,质量稳定,送货很快(5/2定,3号早上送到),按键也很柔和,屏幕是 三星的质量可靠  加了根2G的内存条速度很快	1
超级小苹果，只有50-70mm,描述严重不符合， 骗人！	0
房间早餐都还不错，和价格成正比。也比较安静，大概就这样吧	1
就像蒙牛一样，强壮中国人。。	1
这次在京东购物太费心了，承诺在次天到达的商品，足足延迟了四天，客服承诺补偿的京豆又没兑现，太没信用，这次对京东严重失望！	0
外观漂亮，屏幕很出众，瘦长设计可以单手持握，主打曼哈卡顿音效不出彩，喜欢听音乐对它不要有太高期望。	1
太差啦，屏幕一般般，关键是漏光，按键一点弹性都没，喇叭放大点声还破音，刚买就降价，在京东最差的一次购物	0
东西真的很不错，性价比还可以	1
酒店比较旧，卫生尚可	0
假货，假货，假货，跟我在实体店买的完全不一样，气死了	0
非常满意，服务贴心到位，还主动把携程的预定门票换成门票，我们可以不排队。房间干净整洁，还很漂亮，很赞的	1
外形简约，性能强劲，能够满足多数办公和影音娱乐需求，系统装的也很快，注意网卡的安装与其他驱动程序安装的方法稍有不同，需要注意。	1
买完就降价了，真是不厚道，还有赠品内存卡，数据线，我就一台裸机！	0
外形确实不错，功能也算齐全，流行的功能都有了，支持一下	1
8月24日入住，25日离开的。订的小套房，才210，很划算。房间很干净，很大。还有个凉台。感觉真好。下次还来。晚上外边虫子很多，害怕虫子的朋友建议就在房间里呆着吧:)	1
货真价实，物流很快，很不错的!	1
刚买完 不甜 看样子时间放了挺长	0
还可以，不错，挺好的，给孩子玩的	1
严重毡毛，不能穿。这是我买最垃圾的一次裤子	0
这就是京东物品？好无语！ 欺骗消费者吗？瞬间心情就不好了	0
买之前看销量很大，感觉没问题就下单了。结果如图：表面全发霉了，这你让我咋吃？买个东西真窝心，提醒大家，生鲜还是市场上买吧，好不好一看就知道，别像我这么懒，在京东上买生鲜！	0
居然不能下载铃声，发回来的短信全是乱码，而且我翻遍了手机说明书都没找到自编铃声在哪．....郁闷！鸡肋！０４年的日期也不对！明明是星期２却是星期１，其他还将就．	0
嗯，听说挺便宜的，呵呵，泪流过的	1
酒店位置比较隐秘，开车兜了新会一圈才找到。酒店环境非常好，房间设施也很新，大大超出预料，就是房间比较小，厕所很挤。下次去新会还会住这里。	1
蒙牛怎么可以这么做呢？？？？我呸！抵制蒙牛！	0
这个酒店我客人说还不错,我自己没住过，但他是很满意的	1
受益，受益匪浅我以买了一本，朋友看了又叫我替他也买几本送人	0
越来越支持华为了。老人用的手机好几年不出问题，路由器也换成荣耀的很好用，这个平板的性价比确实很高，做工精致，虽然是给爸爸用的，但真心支持！	1
一星是给快递的，东西还没用应该是假货，一开盖洗发水就往外冒，这是见过的最垃圾的包装，外边就这样可以想下里边的洗发水会好吗，太坑以后不敢在网上买了	0
水果确实不行，放了很久了的有几个都烂了，我实话实说！！！自己看图！！！	0
鼠标不好用，很紧，而且是金属材质； 视频时电脑喇叭音量会变小，听不清对方的说话。	0
洗完头奇痒，用水不好冲掉，买到了假货。	0
很脆很好吃，给宝宝买的，宝宝很爱吃	1
信号比较差，所以导致通话质量不高。	0
很好，送货也是很快的哦，哈哈哈！这个才收到，还没来得及使用，不过看样子还是质量好哦.相信京东！哈哈哈！	1
宝贝收到了已经是第二次买了因为真的好哦，料子还是很舒服这次送给弟弟弟弟喜欢尺码也是准的物流挺快的喜欢哦	1
不错的裤子，很漂亮，质量也不错！	1
酒店的房间很好，景色很不错。酒店的早餐不好，管理也不太专业。最主要是从酒店到外面的交通，很不方便。外面的出租车漫天要价，随便拒载。如果自己没有车，最好不要住在这里。	1
洗发水到货了，然后今天刚收到的哦好大一个套装啊，一个人的话一年应该用不完。发红包给我，可以味道挺好闻的。	1
个小皮厚，很久没有吃到这么难吃的苹果了	0
物流速度快,比超市便宜很多,	1
很不友好的住宿。	0
媳妇在南京，异地帮她订的。没想到早上买，下午就送到了，京东速度真是不错。	1
环境不错,地点也很好!下次还会入住!	1
看视频超级享受，好喜欢	1
洗得都是头皮屑，大家不要买，太差了……    我都没用了，京东也是假货多……    差差差差差差差差差差差差差差差差差差差差差差差差差差差差差差差差差差差差差差差差……	0
怎么一点樱花味都没。商品倒是完整无破损。洗完了并没有觉得清爽。 感觉是假的。都不香的.....很失望	0
之前忘记评论了，沙宣用好几次了，这次套装很划算呦，京东送货超级棒！	1
一直用清扬，一直在京东上买，方便，速度快	1
made in japan 做工还是不错的，我原来的S6130是马来西亚制造的，使用了几天系统稳定性不错，屏幕显示效果出色，电池时间也还行，3个小时这样吧	1
头一次在京东上买水果，这还是我头一次见到青皮的红心火龙果，真是开眼，长见识！*。实在太亏了！！！	0
宝宝收到了，超值，好多东东，，，京东快递就是快呀?	1
速度很快的！刚好到家刚好到货，心情不错！物品包装严密，防震效果很好，没有漏跑液。瓶子完整，赠品齐全，很赞！	1
这次买的一点都不面，又脆又硬，差评	0
裤子质量很好，给男朋友买的，看起来很好看，男朋友说很舒服，下次还回来的?给个大大的好评	1
闹中取静，交通方便，价格实惠，服务基本到位，房间设施虽稍显简陋，但值得推荐。	1
拍的时候没仔细看 原以为一瓶护发素一瓶洗发水 结果两瓶洗发水 另外还有两小瓶赠品及迷你吹风机……	1
还行，穿了有一个月左右，不错，还很便宜	1
不好，很稀，洗完头发发痒很多头屑，不像真的。	0
房间没什么特色 位置也一般 建议价钱可以下调啦	0
裤子都快裂开了，缝的线也都要烂了，布质量感觉也是不怎样，这到底在仓库积压了多久了，别欺负我什么都不懂	0
比较新的四星酒店，各方面都还不错，应该算是很标准的4星服务，值得推荐宾馆反馈 2008年7月31日 ： 感谢您对酒店的认可，期待您的再次光临！	1
用过以后头发特别柔顺，而且特别香，挺好的	1
商品信息还没做到足够专业，订之前以为该款电脑没有蓝牙，还订了个USB蓝牙模块，还好后来觉得暂时不要，取消了，否则就多买了。	0
看着还行，还没有用，但是一点没便宜，希望东西好吧	1
这个买瞎了,不如我以前买的好，以前买的洗完头清凉的感觉，这个用了没大感觉，不知道是不是假的？	0
挺好，买之前挺犹豫的，没在京东买过生鲜，到货后挺新鲜呀、而且很甜，信赖京东	0
差太了，个太小了，能算50的都不错。	0
这个洗发水能一直这样还是很不错的，就是洗了这么多头发呢，柔顺多了，包括头皮的健康，这个的确有所改善，所以然后这次刚好京东做活动买就囤了点货。	1
苹果看上去很好，和广告的一样。物流超给力，昨晚下单，今早就收到，点个赞！尝了以后再评价。	1
不怎么样。图片的吸引力不错	0
纯粹是炒作，要深入体会论语，应该买中华书局的《论语集释》。	0
这本书完全是根据这部电影走红后出版的商业书。内容很不全。里面收集了张的很多长篇小说，但都简化了。	0
掉色.洗三次了还是掉色	0
发热量较小，散热挺好，LED屏节能，有中国节能认证，电池正常可以使用3小时以上	1
这洗发露太假了，洗过后头发那么粗	0
味道好吃，个头不小，一个有点缩水，其他都还不错。	1
裤子很快就到了，还没试穿，不过比划了一下觉得长了一点点。面料还是不错的，	1
华为正品，M3很好用，第一次开机连wifi直接升安卓7.0，华为系统优化的比较好。京东服务放心。	1
产品尚可，京东服务太差，相互推诿。发货太慢，等了四天才发货，而且期间问什么也不知道。	0
服务有出错，让人大跌眼镜的那种，房卡会被搞错！	0
还可以，就是给个M号有点大	0
很不满意这次，有点欺骗消费者	0
在thinkpad这个品牌里面性价比还算高了，感觉发热量有点大，其他还好启动时光驱声音较大 ，2G内存够用了	1
反季倾销比地摊货迟便宜二十一件	1
不推荐，价格没有优势	0
1、待机时间只有10天,还不是连续开机,连续通话时间不超过3小时.完全是欺诈.2、音质一般，机器反应迟钝。	0
这个平板买来才知道没有给皮套配赠，网上写的是有皮套和贴膜。我给客服说了情况。客服说没有。那为什么网上用红字写的送专用皮套十专用贴膜2张？	0
不行，口袋是坏的而且少块布，缝不上	0
这个手机是我在京东上买的第二个手机，都是一种毛病，无信号，信号很不好，很LJ的那种，买手机，我个人推荐苹果。国产的你们懂得，尤其是金立，那种手机竟然还能出现在市场，我也是醉了。	0
垃圾，才买就降40，还不支持价保，限购商品，太坑，说下商品，屏幕分辨率确实一般，屏幕灵敏度低，比较卡，优点，屏幕大，就这一个	0
小孩子用的，没有耳机，手机配件不理想，也没有手机膜	0
儿子喜欢！确实不错！支持国货～！！	1
我不知道是不是真的专卖店，但是比我去年买的差很多，一点都不像是花花公子的裤子	0
首先京东物流超过，这是选择京东的主要原因。	1
一点都不修身，丑哭	0
这个酒店花园和大堂都很漂亮还有连接风景区，客房太老旧了，设施也很陈旧，泳池真的不像五星级的又小又旧，估计因为是市区的关系所以价格也很高装修很老很老。	0
一直都在用清扬，别的品牌都不太满意，。。	1
宝贝简直是大爱，满99减50逮了个大便宜?。服务到位，昨夜里凌晨一点下单这会就送到了，而且送货上门快递小哥真给力。???宝贝还没用闻着挺香。	1
垃圾坏了也包里面还是买别的牌子吧	0
这一套68，还没收到货，我就看见京东上别家活动价39。话说难道京东配送就会这么多吗？不理解。	0
好好好～都好，价格公道～物美价廉～亲们放心购买吧～京东太给力了～	1
晚上有搔扰电话比较烦。饭菜质量也不好价格也与实际不相符合	0
服务质量差，	0
用了几天 屏碎了 问换屏多少钱 客服** 去附近维修店**换的 真是骗子	0
颜色与图片不符，太薄，差评	0
昨晚下单，已收到了，已前买了一个，还好啦-	1
商品非常好，包装不错，京东的物流非常快！非常满意，太方便了。	1
又小又硬又难吃!难吃!难吃!碰损严重!	0
垃圾s商家，欺骗买家。	0
住的还不错唯一不好就是不知道提醒客人车要停去负二楼 白白教了35停车费 真是操蛋	0
物流也太慢了吧，太不值当了	0
管理差，隔音差，厕所异味浓！	0
服务态度极差，员工素质太低，房间阴暗压抑，停车不方便	0
房间隔音实在太差，不单隔壁，感觉整层都能听到。半夜被男女欢愉声吵醒，影响休息	0
其它还好，就是2G的通话，上网网速太慢，不好	0
支持国货，实在不行	0
东西还不错，速度快，下次继续购买	1
非常感谢携程为我们安排的酒店我们对该酒店的服务表示满意，希望携程的服务越来越好，为携程的贵宾提供更优良、更全面的服务。	1
挺失望的，小瓶的都洒了！	0
第一次在网上购买这个牌子的洗发水，平实都是在实体店买，条码都遮住了，不是真货吗！很不满意的购物	0
整洁舒适的小酒店。酒店周边环境可给5分了！而且每天进出酒店都可在门前花园里碰到数对新人在拍婚纱照。。。。	1
穿了一个冬天裤子都快破了才来评价 好像有点晚了 暖和 给个好评	1
我入住在如家,让我这个漂泊在做技术服务的人员真正感到如家的感觉,我非常喜欢!	1
几天去取货的时候发现其实一点也不难看啊，屏幕虽然是LCD的，但是及其设计也很稳重，这样的配置，这样的价钱，真的挺值的！	1
型号不合。买来穿着太大了。我去。。	0
质量不错，做工蛮精细的，款式也蛮好看的	1
一直用这个牌子的洗发水！真的挺好！全家都在用	1
穿上很舒服，老公特别喜欢，带着它美美的旅游去喽	1
行动遥控”也是明基P50的一大卖点	1
这个酒店可真是太差了~我住的还是行政房呢，空调漏水，声音非常大，地毯很脏，家具很旧然后有蚊子，管客房部要蚊香，告知没有~	0
没见过这么差的四星酒店!建议大家以后千万别住,离银滩很远很远!环境也很一般,服务就差得没法提了!	0
